{
  "Time":{
    "0":0.0
  },
  "V1":{
    "0":-1.3598071337
  },
  "V2":{
    "0":-0.0727811733
  },
  "V3":{
    "0":2.536346738
  },
  "V4":{
    "0":1.3781552243
  },
  "V5":{
    "0":-0.3383207699
  },
  "V6":{
    "0":0.4623877778
  },
  "V7":{
    "0":0.2395985541
  },
  "V8":{
    "0":0.0986979013
  },
  "V9":{
    "0":0.3637869696
  },
  "V10":{
    "0":0.090794172
  },
  "V11":{
    "0":-0.5515995333
  },
  "V12":{
    "0":-0.6178008558
  },
  "V13":{
    "0":-0.9913898472
  },
  "V14":{
    "0":-0.3111693537
  },
  "V15":{
    "0":1.4681769721
  },
  "V16":{
    "0":-0.4704005253
  },
  "V17":{
    "0":0.2079712419
  },
  "V18":{
    "0":0.0257905802
  },
  "V19":{
    "0":0.4039929603
  },
  "V20":{
    "0":0.2514120982
  },
  "V21":{
    "0":-0.0183067779
  },
  "V22":{
    "0":0.2778375756
  },
  "V23":{
    "0":-0.1104739102
  },
  "V24":{
    "0":0.0669280749
  },
  "V25":{
    "0":0.1285393583
  },
  "V26":{
    "0":-0.1891148439
  },
  "V27":{
    "0":0.1335583767
  },
  "V28":{
    "0":-0.0210530535
  },
  "Amount":{
    "0":149.62
  }
}